Index,Potability
10000,0.9683060440855148
10001,0.9026918827831444
10002,0.8130348221279436
10003,0.7209708241128955
10004,1.02859454558935
